code,ex_date,cash,bonus
000006,2020-03-31,0.3994,0.2000
000006,2020-06-30,0.2792,0.0000
000006,2020-09-30,0.4517,0.0000
000006,2020-12-31,0.2175,0.1000
000006,2021-03-31,0.4701,0.0000
000006,2021-06-30,0.0584,0.0000
000006,2021-09-30,0.4055,0.0000
000006,2021-12-31,0.4333,0.0000
000006,2022-03-31,0.0647,0.0000
000006,2022-06-30,0.4278,0.0000
000006,2022-09-30,0.4417,0.0000
000006,2023-01-02,0.4299,0.0000
000006,2023-03-31,0.0748,0.0000
000006,2023-06-30,0.0782,0.0000
000006,2023-10-02,0.3946,0.0000
000006,2024-01-01,0.4473,0.0000
000006,2024-04-01,0.3290,0.0000
000006,2024-07-01,0.3578,0.0000
000006,2024-09-30,0.2200,0.2000
000006,2024-12-31,0.1419,0.0000
000010,2020-03-31,0.4479,0.0000
000010,2020-06-30,0.3711,0.1000
000010,2020-09-30,0.1057,0.2000
000010,2020-12-31,0.0849,0.1000
000010,2021-03-31,0.4245,0.0000
000010,2021-06-30,0.2413,0.0000
000010,2021-09-30,0.0895,0.0000
000010,2021-12-31,0.0737,0.0000
000010,2022-03-31,0.1778,0.0000
000010,2022-06-30,0.4210,0.0000
000010,2022-09-30,0.1264,0.0000
000010,2023-01-02,0.1703,0.0000
000010,2023-03-31,0.4864,0.0000
000010,2023-06-30,0.1218,0.2000
000010,2023-10-02,0.4844,0.1000
000010,2024-01-01,0.4195,0.1000
000010,2024-04-01,0.3484,0.1000
000010,2024-07-01,0.1184,0.0000
000010,2024-09-30,0.1699,0.0000
000010,2024-12-31,0.0995,0.0000
000014,2020-03-31,0.3844,0.0000
000014,2020-06-30,0.1498,0.0000
000014,2020-09-30,0.0665,0.0000
000014,2020-12-31,0.0591,0.1000
000014,2021-03-31,0.3179,0.0000
000014,2021-06-30,0.2760,0.1000
000014,2021-09-30,0.2466,0.0000
000014,2021-12-31,0.2546,0.0000
000014,2022-03-31,0.1479,0.0000
000014,2022-06-30,0.3987,0.2000
000014,2022-09-30,0.1153,0.2000
000014,2023-01-02,0.3477,0.1000
000014,2023-03-31,0.3312,0.1000
000014,2023-06-30,0.3317,0.0000
000014,2023-10-02,0.2894,0.1000
000014,2024-01-01,0.0720,0.0000
000014,2024-04-01,0.4699,0.0000
000014,2024-07-01,0.2146,0.0000
000014,2024-09-30,0.2418,0.1000
000014,2024-12-31,0.1763,0.1000
000015,2020-03-31,0.3344,0.0000
000015,2020-06-30,0.1784,0.0000
000015,2020-09-30,0.4604,0.0000
000015,2020-12-31,0.4601,0.0000
000015,2021-03-31,0.4833,0.0000
000015,2021-06-30,0.2510,0.0000
000015,2021-09-30,0.0994,0.0000
000015,2021-12-31,0.1320,0.1000
000015,2022-03-31,0.0745,0.0000
000015,2022-06-30,0.2704,0.0000
000015,2022-09-30,0.0673,0.0000
000015,2023-01-02,0.3259,0.0000
000015,2023-03-31,0.2572,0.0000
000015,2023-06-30,0.4921,0.1000
000015,2023-10-02,0.4695,0.0000
000015,2024-01-01,0.1455,0.0000
000015,2024-04-01,0.3877,0.1000
000015,2024-07-01,0.2084,0.2000
000015,2024-09-30,0.2395,0.0000
000015,2024-12-31,0.3813,0.2000
000016,2020-03-31,0.3756,0.1000
000016,2020-06-30,0.2193,0.0000
000016,2020-09-30,0.4208,0.2000
000016,2020-12-31,0.2527,0.0000
000016,2021-03-31,0.1964,0.1000
000016,2021-06-30,0.4102,0.0000
000016,2021-09-30,0.3554,0.0000
000016,2021-12-31,0.3865,0.0000
000016,2022-03-31,0.1923,0.1000
000016,2022-06-30,0.3283,0.0000
000016,2022-09-30,0.3264,0.0000
000016,2023-01-02,0.1988,0.1000
000016,2023-03-31,0.4778,0.1000
000016,2023-06-30,0.2586,0.1000
000016,2023-10-02,0.1449,0.0000
000016,2024-01-01,0.3651,0.0000
000016,2024-04-01,0.1531,0.0000
000016,2024-07-01,0.0703,0.0000
000016,2024-09-30,0.0969,0.0000
000016,2024-12-31,0.3683,0.0000
000017,2020-03-31,0.2282,0.2000
000017,2020-06-30,0.3228,0.0000
000017,2020-09-30,0.3492,0.2000
000017,2020-12-31,0.3229,0.0000
000017,2021-03-31,0.4130,0.0000
000017,2021-06-30,0.1783,0.0000
000017,2021-09-30,0.1629,0.0000
000017,2021-12-31,0.2200,0.2000
000017,2022-03-31,0.3414,0.0000
000017,2022-06-30,0.4283,0.0000
000017,2022-09-30,0.4581,0.1000
000017,2023-01-02,0.3418,0.0000
000017,2023-03-31,0.0635,0.0000
000017,2023-06-30,0.2299,0.0000
000017,2023-10-02,0.4923,0.0000
000017,2024-01-01,0.3758,0.0000
000017,2024-04-01,0.0624,0.1000
000017,2024-07-01,0.1363,0.0000
000017,2024-09-30,0.0911,0.0000
000017,2024-12-31,0.3998,0.1000
000028,2020-03-31,0.1209,0.1000
000028,2020-06-30,0.1975,0.2000
000028,2020-09-30,0.3879,0.1000
000028,2020-12-31,0.4430,0.2000
000028,2021-03-31,0.2686,0.2000
000028,2021-06-30,0.2154,0.2000
000028,2021-09-30,0.2981,0.1000
000028,2021-12-31,0.2843,0.0000
000028,2022-03-31,0.1631,0.0000
000028,2022-06-30,0.2931,0.0000
000028,2022-09-30,0.3938,0.2000
000028,2023-01-02,0.3656,0.0000
000028,2023-03-31,0.4845,0.1000
000028,2023-06-30,0.1231,0.0000
000028,2023-10-02,0.1821,0.0000
000028,2024-01-01,0.3225,0.0000
000028,2024-04-01,0.4193,0.1000
000028,2024-07-01,0.1141,0.0000
000028,2024-09-30,0.4966,0.0000
000028,2024-12-31,0.2886,0.0000
000030,2020-03-31,0.2729,0.0000
000030,2020-06-30,0.0644,0.1000
000030,2020-09-30,0.3777,0.0000
000030,2020-12-31,0.0893,0.0000
000030,2021-03-31,0.2703,0.2000
000030,2021-06-30,0.3477,0.1000
000030,2021-09-30,0.2140,0.0000
000030,2021-12-31,0.3017,0.1000
000030,2022-03-31,0.2762,0.0000
000030,2022-06-30,0.3383,0.0000
000030,2022-09-30,0.4499,0.0000
000030,2023-01-02,0.0839,0.0000
000030,2023-03-31,0.0567,0.0000
000030,2023-06-30,0.3096,0.0000
000030,2023-10-02,0.3224,0.0000
000030,2024-01-01,0.3837,0.0000
000030,2024-04-01,0.0776,0.0000
000030,2024-07-01,0.1948,0.0000
000030,2024-09-30,0.1421,0.0000
000030,2024-12-31,0.1244,0.2000
000033,2020-03-31,0.1956,0.1000
000033,2020-06-30,0.1136,0.2000
000033,2020-09-30,0.3898,0.0000
000033,2020-12-31,0.0970,0.0000
000033,2021-03-31,0.2215,0.0000
000033,2021-06-30,0.4178,0.1000
000033,2021-09-30,0.0806,0.0000
000033,2021-12-31,0.3223,0.0000
000033,2022-03-31,0.1041,0.0000
000033,2022-06-30,0.2015,0.0000
000033,2022-09-30,0.3010,0.0000
000033,2023-01-02,0.3172,0.0000
000033,2023-03-31,0.2284,0.0000
000033,2023-06-30,0.4797,0.2000
000033,2023-10-02,0.3611,0.1000
000033,2024-01-01,0.4892,0.0000
000033,2024-04-01,0.2410,0.0000
000033,2024-07-01,0.1292,0.1000
000033,2024-09-30,0.3037,0.0000
000033,2024-12-31,0.0785,0.0000
000036,2020-03-31,0.2158,0.0000
000036,2020-06-30,0.4129,0.0000
000036,2020-09-30,0.2815,0.2000
000036,2020-12-31,0.4517,0.0000
000036,2021-03-31,0.2550,0.0000
000036,2021-06-30,0.1637,0.1000
000036,2021-09-30,0.3773,0.1000
000036,2021-12-31,0.4287,0.1000
000036,2022-03-31,0.2338,0.0000
000036,2022-06-30,0.3362,0.0000
000036,2022-09-30,0.4797,0.1000
000036,2023-01-02,0.3317,0.2000
000036,2023-03-31,0.3785,0.0000
000036,2023-06-30,0.0608,0.0000
000036,2023-10-02,0.2761,0.0000
000036,2024-01-01,0.3562,0.1000
000036,2024-04-01,0.0959,0.0000
000036,2024-07-01,0.1449,0.0000
000036,2024-09-30,0.3785,0.0000
000036,2024-12-31,0.0714,0.2000
000037,2020-03-31,0.3698,0.1000
000037,2020-06-30,0.3356,0.0000
000037,2020-09-30,0.2172,0.0000
000037,2020-12-31,0.2287,0.0000
000037,2021-03-31,0.1730,0.1000
000037,2021-06-30,0.4462,0.2000
000037,2021-09-30,0.1793,0.0000
000037,2021-12-31,0.0634,0.0000
000037,2022-03-31,0.2972,0.0000
000037,2022-06-30,0.3296,0.0000
000037,2022-09-30,0.3626,0.0000
000037,2023-01-02,0.3551,0.1000
000037,2023-03-31,0.3458,0.0000
000037,2023-06-30,0.4697,0.1000
000037,2023-10-02,0.0510,0.0000
000037,2024-01-01,0.2490,0.0000
000037,2024-04-01,0.1163,0.0000
000037,2024-07-01,0.4218,0.0000
000037,2024-09-30,0.2163,0.0000
000037,2024-12-31,0.1726,0.0000
000039,2020-03-31,0.1103,0.0000
000039,2020-06-30,0.4482,0.0000
000039,2020-09-30,0.3214,0.0000
000039,2020-12-31,0.2651,0.0000
000039,2021-03-31,0.3441,0.1000
000039,2021-06-30,0.3508,0.0000
000039,2021-09-30,0.3931,0.0000
000039,2021-12-31,0.3806,0.1000
000039,2022-03-31,0.0634,0.0000
000039,2022-06-30,0.2589,0.0000
000039,2022-09-30,0.1464,0.0000
000039,2023-01-02,0.1122,0.1000
000039,2023-03-31,0.2007,0.0000
000039,2023-06-30,0.2268,0.1000
000039,2023-10-02,0.1247,0.0000
000039,2024-01-01,0.2877,0.1000
000039,2024-04-01,0.3651,0.0000
000039,2024-07-01,0.3841,0.1000
000039,2024-09-30,0.4955,0.1000
000039,2024-12-31,0.1036,0.0000
000041,2020-03-31,0.1614,0.0000
000041,2020-06-30,0.0851,0.0000
000041,2020-09-30,0.3033,0.0000
000041,2020-12-31,0.2799,0.0000
000041,2021-03-31,0.3130,0.1000
000041,2021-06-30,0.1175,0.0000
000041,2021-09-30,0.1946,0.0000
000041,2021-12-31,0.2909,0.0000
000041,2022-03-31,0.2244,0.1000
000041,2022-06-30,0.0649,0.0000
000041,2022-09-30,0.4261,0.0000
000041,2023-01-02,0.4795,0.0000
000041,2023-03-31,0.2065,0.1000
000041,2023-06-30,0.2300,0.1000
000041,2023-10-02,0.1992,0.1000
000041,2024-01-01,0.3696,0.0000
000041,2024-04-01,0.1271,0.0000
000041,2024-07-01,0.4755,0.0000
000041,2024-09-30,0.2992,0.0000
000041,2024-12-31,0.4815,0.1000
000043,2020-03-31,0.0940,0.0000
000043,2020-06-30,0.3286,0.0000
000043,2020-09-30,0.0844,0.0000
000043,2020-12-31,0.4779,0.0000
000043,2021-03-31,0.1692,0.0000
000043,2021-06-30,0.1942,0.0000
000043,2021-09-30,0.1342,0.0000
000043,2021-12-31,0.3704,0.0000
000043,2022-03-31,0.0630,0.0000
000043,2022-06-30,0.2055,0.0000
000043,2022-09-30,0.1061,0.2000
000043,2023-01-02,0.2627,0.1000
000043,2023-03-31,0.1510,0.1000
000043,2023-06-30,0.3541,0.0000
000043,2023-10-02,0.1616,0.0000
000043,2024-01-01,0.0922,0.1000
000043,2024-04-01,0.1560,0.0000
000043,2024-07-01,0.4094,0.0000
000043,2024-09-30,0.3760,0.1000
000043,2024-12-31,0.4149,0.1000
000045,2020-03-31,0.0723,0.0000
000045,2020-06-30,0.0590,0.0000
000045,2020-09-30,0.1067,0.0000
000045,2020-12-31,0.3136,0.0000
000045,2021-03-31,0.2477,0.0000
000045,2021-06-30,0.1122,0.0000
000045,2021-09-30,0.3281,0.0000
000045,2021-12-31,0.4050,0.0000
000045,2022-03-31,0.4834,0.0000
000045,2022-06-30,0.4355,0.2000
000045,2022-09-30,0.2301,0.1000
000045,2023-01-02,0.2557,0.0000
000045,2023-03-31,0.0841,0.0000
000045,2023-06-30,0.1991,0.0000
000045,2023-10-02,0.0969,0.0000
000045,2024-01-01,0.4036,0.0000
000045,2024-04-01,0.2840,0.0000
000045,2024-07-01,0.0745,0.0000
000045,2024-09-30,0.4001,0.0000
000045,2024-12-31,0.0825,0.0000
000046,2020-03-31,0.0819,0.0000
000046,2020-06-30,0.1088,0.2000
000046,2020-09-30,0.4416,0.1000
000046,2020-12-31,0.1300,0.0000
000046,2021-03-31,0.2599,0.0000
000046,2021-06-30,0.0866,0.1000
000046,2021-09-30,0.2405,0.1000
000046,2021-12-31,0.3457,0.0000
000046,2022-03-31,0.4691,0.0000
000046,2022-06-30,0.2696,0.2000
000046,2022-09-30,0.1181,0.0000
000046,2023-01-02,0.1878,0.0000
000046,2023-03-31,0.0608,0.0000
000046,2023-06-30,0.3256,0.1000
000046,2023-10-02,0.4348,0.0000
000046,2024-01-01,0.1383,0.0000
000046,2024-04-01,0.0781,0.0000
000046,2024-07-01,0.3696,0.1000
000046,2024-09-30,0.1179,0.0000
000046,2024-12-31,0.4583,0.2000
000048,2020-03-31,0.1022,0.0000
000048,2020-06-30,0.1178,0.0000
000048,2020-09-30,0.1846,0.0000
000048,2020-12-31,0.1633,0.0000
000048,2021-03-31,0.0793,0.0000
000048,2021-06-30,0.2469,0.0000
000048,2021-09-30,0.1253,0.0000
000048,2021-12-31,0.4889,0.0000
000048,2022-03-31,0.1556,0.0000
000048,2022-06-30,0.1841,0.0000
000048,2022-09-30,0.2646,0.2000
000048,2023-01-02,0.4735,0.0000
000048,2023-03-31,0.2680,0.0000
000048,2023-06-30,0.2563,0.0000
000048,2023-10-02,0.1824,0.2000
000048,2024-01-01,0.2368,0.0000
000048,2024-04-01,0.3814,0.1000
000048,2024-07-01,0.1613,0.0000
000048,2024-09-30,0.1997,0.1000
000048,2024-12-31,0.2623,0.2000
000049,2020-03-31,0.4193,0.1000
000049,2020-06-30,0.0926,0.0000
000049,2020-09-30,0.4519,0.0000
000049,2020-12-31,0.3338,0.2000
000049,2021-03-31,0.1574,0.2000
000049,2021-06-30,0.4467,0.0000
000049,2021-09-30,0.2815,0.0000
000049,2021-12-31,0.3810,0.0000
000049,2022-03-31,0.2553,0.0000
000049,2022-06-30,0.2359,0.0000
000049,2022-09-30,0.2204,0.0000
000049,2023-01-02,0.0760,0.0000
000049,2023-03-31,0.3911,0.2000
000049,2023-06-30,0.0500,0.1000
000049,2023-10-02,0.4625,0.0000
000049,2024-01-01,0.4344,0.0000
000049,2024-04-01,0.2705,0.0000
000049,2024-07-01,0.2350,0.0000
000049,2024-09-30,0.2580,0.0000
000049,2024-12-31,0.1548,0.0000
000054,2020-03-31,0.2369,0.0000
000054,2020-06-30,0.4573,0.1000
000054,2020-09-30,0.1389,0.0000
000054,2020-12-31,0.1852,0.1000
000054,2021-03-31,0.3858,0.0000
000054,2021-06-30,0.1260,0.0000
000054,2021-09-30,0.2956,0.1000
000054,2021-12-31,0.4635,0.0000
000054,2022-03-31,0.1039,0.0000
000054,2022-06-30,0.1341,0.0000
000054,2022-09-30,0.3039,0.0000
000054,2023-01-02,0.2614,0.0000
000054,2023-03-31,0.3569,0.0000
000054,2023-06-30,0.3570,0.0000
000054,2023-10-02,0.4346,0.0000
000054,2024-01-01,0.0665,0.2000
000054,2024-04-01,0.2940,0.0000
000054,2024-07-01,0.2060,0.0000
000054,2024-09-30,0.4370,0.0000
000054,2024-12-31,0.1458,0.0000
000055,2020-03-31,0.4348,0.0000
000055,2020-06-30,0.0714,0.0000
000055,2020-09-30,0.3403,0.0000
000055,2020-12-31,0.3150,0.0000
000055,2021-03-31,0.2804,0.0000
000055,2021-06-30,0.3197,0.1000
000055,2021-09-30,0.4809,0.1000
000055,2021-12-31,0.1521,0.0000
000055,2022-03-31,0.2184,0.0000
000055,2022-06-30,0.4423,0.1000
000055,2022-09-30,0.4479,0.0000
000055,2023-01-02,0.4638,0.0000
000055,2023-03-31,0.2793,0.0000
000055,2023-06-30,0.0561,0.0000
000055,2023-10-02,0.1152,0.0000
000055,2024-01-01,0.1147,0.2000
000055,2024-04-01,0.3810,0.1000
000055,2024-07-01,0.2592,0.0000
000055,2024-09-30,0.4272,0.0000
000055,2024-12-31,0.3147,0.1000
000056,2020-03-31,0.1131,0.0000
000056,2020-06-30,0.0693,0.1000
000056,2020-09-30,0.4956,0.0000
000056,2020-12-31,0.0964,0.0000
000056,2021-03-31,0.3077,0.0000
000056,2021-06-30,0.3552,0.0000
000056,2021-09-30,0.3382,0.0000
000056,2021-12-31,0.4588,0.1000
000056,2022-03-31,0.1979,0.0000
000056,2022-06-30,0.0756,0.1000
000056,2022-09-30,0.2828,0.1000
000056,2023-01-02,0.0715,0.0000
000056,2023-03-31,0.2387,0.2000
000056,2023-06-30,0.4364,0.0000
000056,2023-10-02,0.1446,0.0000
000056,2024-01-01,0.4122,0.0000
000056,2024-04-01,0.2838,0.0000
000056,2024-07-01,0.4965,0.0000
000056,2024-09-30,0.3418,0.0000
000056,2024-12-31,0.4756,0.0000
000063,2020-03-31,0.0873,0.0000
000063,2020-06-30,0.0811,0.0000
000063,2020-09-30,0.0877,0.0000
000063,2020-12-31,0.1658,0.0000
000063,2021-03-31,0.3938,0.0000
000063,2021-06-30,0.4182,0.0000
000063,2021-09-30,0.0677,0.0000
000063,2021-12-31,0.2327,0.0000
000063,2022-03-31,0.4706,0.1000
000063,2022-06-30,0.4997,0.0000
000063,2022-09-30,0.2384,0.0000
000063,2023-01-02,0.3454,0.0000
000063,2023-03-31,0.3701,0.1000
000063,2023-06-30,0.0635,0.0000
000063,2023-10-02,0.1487,0.0000
000063,2024-01-01,0.1177,0.0000
000063,2024-04-01,0.1388,0.0000
000063,2024-07-01,0.3166,0.0000
000063,2024-09-30,0.2111,0.1000
000063,2024-12-31,0.4803,0.0000
000064,2020-03-31,0.2240,0.0000
000064,2020-06-30,0.4494,0.1000
000064,2020-09-30,0.3220,0.0000
000064,2020-12-31,0.2790,0.0000
000064,2021-03-31,0.2827,0.0000
000064,2021-06-30,0.1283,0.0000
000064,2021-09-30,0.2139,0.0000
000064,2021-12-31,0.3472,0.2000
000064,2022-03-31,0.4174,0.2000
000064,2022-06-30,0.3567,0.0000
000064,2022-09-30,0.2775,0.0000
000064,2023-01-02,0.4877,0.0000
000064,2023-03-31,0.4125,0.0000
000064,2023-06-30,0.1800,0.0000
000064,2023-10-02,0.2153,0.2000
000064,2024-01-01,0.4807,0.2000
000064,2024-04-01,0.2111,0.1000
000064,2024-07-01,0.0542,0.0000
000064,2024-09-30,0.1730,0.0000
000064,2024-12-31,0.0699,0.1000
000075,2020-03-31,0.2450,0.1000
000075,2020-06-30,0.2258,0.0000
000075,2020-09-30,0.4325,0.1000
000075,2020-12-31,0.2606,0.0000
000075,2021-03-31,0.4074,0.0000
000075,2021-06-30,0.1127,0.2000
000075,2021-09-30,0.3056,0.0000
000075,2021-12-31,0.1243,0.0000
000075,2022-03-31,0.4744,0.1000
000075,2022-06-30,0.2658,0.0000
000075,2022-09-30,0.3493,0.0000
000075,2023-01-02,0.2727,0.0000
000075,2023-03-31,0.0957,0.2000
000075,2023-06-30,0.3212,0.0000
000075,2023-10-02,0.0564,0.0000
000075,2024-01-01,0.2719,0.0000
000075,2024-04-01,0.0941,0.0000
000075,2024-07-01,0.3261,0.0000
000075,2024-09-30,0.0946,0.0000
000075,2024-12-31,0.3376,0.0000
000082,2020-03-31,0.4516,0.0000
000082,2020-06-30,0.0912,0.0000
000082,2020-09-30,0.2964,0.1000
000082,2020-12-31,0.3587,0.1000
000082,2021-03-31,0.3088,0.2000
000082,2021-06-30,0.3938,0.0000
000082,2021-09-30,0.4259,0.0000
000082,2021-12-31,0.2773,0.1000
000082,2022-03-31,0.4033,0.0000
000082,2022-06-30,0.4735,0.2000
000082,2022-09-30,0.3255,0.0000
000082,2023-01-02,0.3512,0.0000
000082,2023-03-31,0.3672,0.0000
000082,2023-06-30,0.3218,0.0000
000082,2023-10-02,0.2143,0.0000
000082,2024-01-01,0.2940,0.1000
000082,2024-04-01,0.4425,0.1000
000082,2024-07-01,0.4186,0.0000
000082,2024-09-30,0.4315,0.0000
000082,2024-12-31,0.3594,0.1000
000084,2020-03-31,0.3530,0.1000
000084,2020-06-30,0.1670,0.0000
000084,2020-09-30,0.1944,0.0000
000084,2020-12-31,0.3650,0.0000
000084,2021-03-31,0.3664,0.0000
000084,2021-06-30,0.2642,0.0000
000084,2021-09-30,0.3168,0.0000
000084,2021-12-31,0.1619,0.0000
000084,2022-03-31,0.4524,0.0000
000084,2022-06-30,0.1320,0.0000
000084,2022-09-30,0.3073,0.1000
000084,2023-01-02,0.0840,0.2000
000084,2023-03-31,0.1280,0.0000
000084,2023-06-30,0.1948,0.2000
000084,2023-10-02,0.3622,0.0000
000084,2024-01-01,0.3948,0.0000
000084,2024-04-01,0.3406,0.0000
000084,2024-07-01,0.4936,0.2000
000084,2024-09-30,0.2489,0.1000
000084,2024-12-31,0.1265,0.1000
000089,2020-03-31,0.2093,0.0000
000089,2020-06-30,0.0787,0.0000
000089,2020-09-30,0.2622,0.1000
000089,2020-12-31,0.2292,0.0000
000089,2021-03-31,0.4788,0.0000
000089,2021-06-30,0.1360,0.1000
000089,2021-09-30,0.1550,0.1000
000089,2021-12-31,0.2523,0.2000
000089,2022-03-31,0.4081,0.0000
000089,2022-06-30,0.1815,0.0000
000089,2022-09-30,0.4686,0.0000
000089,2023-01-02,0.2234,0.0000
000089,2023-03-31,0.1271,0.1000
000089,2023-06-30,0.4492,0.0000
000089,2023-10-02,0.0556,0.0000
000089,2024-01-01,0.3309,0.0000
000089,2024-04-01,0.4028,0.0000
000089,2024-07-01,0.2632,0.2000
000089,2024-09-30,0.1104,0.0000
000089,2024-12-31,0.2725,0.1000
000091,2020-03-31,0.2908,0.0000
000091,2020-06-30,0.3861,0.0000
000091,2020-09-30,0.0673,0.0000
000091,2020-12-31,0.2530,0.0000
000091,2021-03-31,0.0977,0.2000
000091,2021-06-30,0.3325,0.0000
000091,2021-09-30,0.4073,0.0000
000091,2021-12-31,0.1366,0.0000
000091,2022-03-31,0.2504,0.0000
000091,2022-06-30,0.1436,0.0000
000091,2022-09-30,0.3537,0.0000
000091,2023-01-02,0.1040,0.0000
000091,2023-03-31,0.0583,0.0000
000091,2023-06-30,0.0716,0.0000
000091,2023-10-02,0.0601,0.0000
000091,2024-01-01,0.3439,0.0000
000091,2024-04-01,0.4670,0.0000
000091,2024-07-01,0.2279,0.1000
000091,2024-09-30,0.1884,0.1000
000091,2024-12-31,0.3228,0.1000
000102,2020-03-31,0.0507,0.0000
000102,2020-06-30,0.3826,0.0000
000102,2020-09-30,0.2163,0.0000
000102,2020-12-31,0.0586,0.0000
000102,2021-03-31,0.3063,0.0000
000102,2021-06-30,0.0515,0.1000
000102,2021-09-30,0.4535,0.0000
000102,2021-12-31,0.1825,0.0000
000102,2022-03-31,0.3343,0.0000
000102,2022-06-30,0.0924,0.0000
000102,2022-09-30,0.4309,0.0000
000102,2023-01-02,0.1548,0.0000
000102,2023-03-31,0.3702,0.0000
000102,2023-06-30,0.4778,0.2000
000102,2023-10-02,0.2744,0.2000
000102,2024-01-01,0.1811,0.0000
000102,2024-04-01,0.4581,0.0000
000102,2024-07-01,0.0953,0.1000
000102,2024-09-30,0.2683,0.1000
000102,2024-12-31,0.4242,0.0000
000106,2020-03-31,0.3640,0.0000
000106,2020-06-30,0.4416,0.0000
000106,2020-09-30,0.0862,0.0000
000106,2020-12-31,0.2087,0.0000
000106,2021-03-31,0.2224,0.0000
000106,2021-06-30,0.3291,0.0000
000106,2021-09-30,0.2056,0.1000
000106,2021-12-31,0.1542,0.2000
000106,2022-03-31,0.2287,0.0000
000106,2022-06-30,0.4280,0.0000
000106,2022-09-30,0.3738,0.0000
000106,2023-01-02,0.3780,0.0000
000106,2023-03-31,0.2941,0.0000
000106,2023-06-30,0.1943,0.0000
000106,2023-10-02,0.1746,0.1000
000106,2024-01-01,0.1961,0.0000
000106,2024-04-01,0.2647,0.0000
000106,2024-07-01,0.2590,0.1000
000106,2024-09-30,0.2327,0.1000
000106,2024-12-31,0.4165,0.2000
000109,2020-03-31,0.4840,0.0000
000109,2020-06-30,0.0875,0.0000
000109,2020-09-30,0.3868,0.0000
000109,2020-12-31,0.2624,0.2000
000109,2021-03-31,0.2565,0.0000
000109,2021-06-30,0.4852,0.0000
000109,2021-09-30,0.0915,0.2000
000109,2021-12-31,0.3810,0.0000
000109,2022-03-31,0.1996,0.0000
000109,2022-06-30,0.4952,0.1000
000109,2022-09-30,0.0587,0.2000
000109,2023-01-02,0.2225,0.0000
000109,2023-03-31,0.1360,0.2000
000109,2023-06-30,0.0841,0.1000
000109,2023-10-02,0.2072,0.0000
000109,2024-01-01,0.3762,0.0000
000109,2024-04-01,0.4268,0.0000
000109,2024-07-01,0.0880,0.0000
000109,2024-09-30,0.3333,0.0000
000109,2024-12-31,0.2334,0.0000
000114,2020-03-31,0.3039,0.0000
000114,2020-06-30,0.2579,0.0000
000114,2020-09-30,0.2419,0.1000
000114,2020-12-31,0.3876,0.0000
000114,2021-03-31,0.2454,0.0000
000114,2021-06-30,0.3401,0.0000
000114,2021-09-30,0.4002,0.0000
000114,2021-12-31,0.1932,0.1000
000114,2022-03-31,0.2189,0.2000
000114,2022-06-30,0.0904,0.0000
000114,2022-09-30,0.2175,0.0000
000114,2023-01-02,0.4448,0.0000
000114,2023-03-31,0.3858,0.0000
000114,2023-06-30,0.1600,0.0000
000114,2023-10-02,0.1774,0.2000
000114,2024-01-01,0.3677,0.1000
000114,2024-04-01,0.1475,0.1000
000114,2024-07-01,0.2409,0.0000
000114,2024-09-30,0.0654,0.0000
000114,2024-12-31,0.1634,0.1000
000120,2020-03-31,0.3178,0.0000
000120,2020-06-30,0.1994,0.0000
000120,2020-09-30,0.4362,0.1000
000120,2020-12-31,0.0951,0.0000
000120,2021-03-31,0.3284,0.1000
000120,2021-06-30,0.2737,0.0000
000120,2021-09-30,0.2762,0.0000
000120,2021-12-31,0.0547,0.0000
000120,2022-03-31,0.3169,0.0000
000120,2022-06-30,0.0532,0.0000
000120,2022-09-30,0.2922,0.1000
000120,2023-01-02,0.1131,0.0000
000120,2023-03-31,0.0744,0.0000
000120,2023-06-30,0.2990,0.0000
000120,2023-10-02,0.2188,0.0000
000120,2024-01-01,0.1887,0.0000
000120,2024-04-01,0.4737,0.0000
000120,2024-07-01,0.2734,0.0000
000120,2024-09-30,0.3060,0.0000
000120,2024-12-31,0.2453,0.0000
000124,2020-03-31,0.4525,0.0000
000124,2020-06-30,0.4287,0.0000
000124,2020-09-30,0.1443,0.2000
000124,2020-12-31,0.0504,0.0000
000124,2021-03-31,0.2322,0.0000
000124,2021-06-30,0.3973,0.0000
000124,2021-09-30,0.0722,0.0000
000124,2021-12-31,0.3795,0.0000
000124,2022-03-31,0.3711,0.0000
000124,2022-06-30,0.2557,0.0000
000124,2022-09-30,0.1809,0.0000
000124,2023-01-02,0.1693,0.0000
000124,2023-03-31,0.1300,0.0000
000124,2023-06-30,0.1606,0.0000
000124,2023-10-02,0.4081,0.1000
000124,2024-01-01,0.3214,0.0000
000124,2024-04-01,0.1792,0.0000
000124,2024-07-01,0.4647,0.1000
000124,2024-09-30,0.4523,0.0000
000124,2024-12-31,0.4585,0.0000
000125,2020-03-31,0.3104,0.2000
000125,2020-06-30,0.2218,0.0000
000125,2020-09-30,0.3252,0.0000
000125,2020-12-31,0.0755,0.1000
000125,2021-03-31,0.3864,0.0000
000125,2021-06-30,0.2856,0.0000
000125,2021-09-30,0.4824,0.0000
000125,2021-12-31,0.4977,0.0000
000125,2022-03-31,0.1425,0.0000
000125,2022-06-30,0.4319,0.0000
000125,2022-09-30,0.1757,0.1000
000125,2023-01-02,0.2732,0.0000
000125,2023-03-31,0.1226,0.1000
000125,2023-06-30,0.3198,0.0000
000125,2023-10-02,0.1528,0.0000
000125,2024-01-01,0.4444,0.0000
000125,2024-04-01,0.4735,0.1000
000125,2024-07-01,0.2079,0.0000
000125,2024-09-30,0.3622,0.0000
000125,2024-12-31,0.2265,0.2000
000128,2020-03-31,0.3512,0.0000
000128,2020-06-30,0.3344,0.0000
000128,2020-09-30,0.2639,0.0000
000128,2020-12-31,0.0634,0.1000
000128,2021-03-31,0.1198,0.0000
000128,2021-06-30,0.1914,0.0000
000128,2021-09-30,0.3465,0.0000
000128,2021-12-31,0.3182,0.0000
000128,2022-03-31,0.1802,0.0000
000128,2022-06-30,0.3707,0.0000
000128,2022-09-30,0.2605,0.2000
000128,2023-01-02,0.0813,0.0000
000128,2023-03-31,0.3043,0.1000
000128,2023-06-30,0.1112,0.0000
000128,2023-10-02,0.1203,0.2000
000128,2024-01-01,0.2002,0.0000
000128,2024-04-01,0.1939,0.0000
000128,2024-07-01,0.2083,0.0000
000128,2024-09-30,0.1250,0.0000
000128,2024-12-31,0.2503,0.0000
000131,2020-03-31,0.3852,0.0000
000131,2020-06-30,0.3086,0.0000
000131,2020-09-30,0.2382,0.0000
000131,2020-12-31,0.4053,0.2000
000131,2021-03-31,0.3648,0.0000
000131,2021-06-30,0.0896,0.1000
000131,2021-09-30,0.1819,0.0000
000131,2021-12-31,0.3833,0.1000
000131,2022-03-31,0.1848,0.0000
000131,2022-06-30,0.3238,0.0000
000131,2022-09-30,0.0518,0.2000
000131,2023-01-02,0.3875,0.0000
000131,2023-03-31,0.0861,0.0000
000131,2023-06-30,0.0619,0.0000
000131,2023-10-02,0.2465,0.0000
000131,2024-01-01,0.2839,0.1000
000131,2024-04-01,0.4411,0.0000
000131,2024-07-01,0.3117,0.0000
000131,2024-09-30,0.1074,0.0000
000131,2024-12-31,0.0707,0.2000
000133,2020-03-31,0.0853,0.0000
000133,2020-06-30,0.0681,0.1000
000133,2020-09-30,0.1179,0.0000
000133,2020-12-31,0.4019,0.1000
000133,2021-03-31,0.1583,0.1000
000133,2021-06-30,0.4846,0.2000
000133,2021-09-30,0.2223,0.0000
000133,2021-12-31,0.1546,0.0000
000133,2022-03-31,0.3932,0.0000
000133,2022-06-30,0.0591,0.1000
000133,2022-09-30,0.3445,0.0000
000133,2023-01-02,0.4523,0.0000
000133,2023-03-31,0.0624,0.2000
000133,2023-06-30,0.1039,0.0000
000133,2023-10-02,0.3370,0.0000
000133,2024-01-01,0.0814,0.2000
000133,2024-04-01,0.3789,0.0000
000133,2024-07-01,0.3808,0.0000
000133,2024-09-30,0.4017,0.1000
000133,2024-12-31,0.2649,0.0000
000134,2020-03-31,0.0798,0.0000
000134,2020-06-30,0.3411,0.1000
000134,2020-09-30,0.1592,0.1000
000134,2020-12-31,0.3823,0.0000
000134,2021-03-31,0.2509,0.0000
000134,2021-06-30,0.2152,0.1000
000134,2021-09-30,0.0733,0.2000
000134,2021-12-31,0.2668,0.2000
000134,2022-03-31,0.1083,0.0000
000134,2022-06-30,0.4303,0.1000
000134,2022-09-30,0.1603,0.0000
000134,2023-01-02,0.3107,0.2000
000134,2023-03-31,0.1953,0.0000
000134,2023-06-30,0.2646,0.0000
000134,2023-10-02,0.1998,0.0000
000134,2024-01-01,0.3201,0.0000
000134,2024-04-01,0.2687,0.0000
000134,2024-07-01,0.1768,0.0000
000134,2024-09-30,0.1927,0.0000
000134,2024-12-31,0.3444,0.0000
000135,2020-03-31,0.1895,0.1000
000135,2020-06-30,0.4686,0.1000
000135,2020-09-30,0.3295,0.0000
000135,2020-12-31,0.1728,0.0000
000135,2021-03-31,0.0517,0.0000
000135,2021-06-30,0.0875,0.0000
000135,2021-09-30,0.2448,0.0000
000135,2021-12-31,0.0576,0.1000
000135,2022-03-31,0.4611,0.0000
000135,2022-06-30,0.2165,0.1000
000135,2022-09-30,0.4377,0.0000
000135,2023-01-02,0.2094,0.0000
000135,2023-03-31,0.4527,0.0000
000135,2023-06-30,0.0711,0.0000
000135,2023-10-02,0.3375,0.0000
000135,2024-01-01,0.1549,0.0000
000135,2024-04-01,0.1324,0.0000
000135,2024-07-01,0.0545,0.0000
000135,2024-09-30,0.2550,0.1000
000135,2024-12-31,0.2347,0.0000
000141,2020-03-31,0.1697,0.0000
000141,2020-06-30,0.1020,0.0000
000141,2020-09-30,0.4669,0.0000
000141,2020-12-31,0.2136,0.2000
000141,2021-03-31,0.4352,0.0000
000141,2021-06-30,0.1815,0.1000
000141,2021-09-30,0.3968,0.1000
000141,2021-12-31,0.3255,0.1000
000141,2022-03-31,0.1533,0.1000
000141,2022-06-30,0.2698,0.0000
000141,2022-09-30,0.3163,0.0000
000141,2023-01-02,0.3296,0.0000
000141,2023-03-31,0.3947,0.1000
000141,2023-06-30,0.1410,0.1000
000141,2023-10-02,0.4098,0.2000
000141,2024-01-01,0.1448,0.2000
000141,2024-04-01,0.4607,0.1000
000141,2024-07-01,0.1835,0.0000
000141,2024-09-30,0.2895,0.0000
000141,2024-12-31,0.1860,0.0000
000144,2020-03-31,0.1339,0.0000
000144,2020-06-30,0.3977,0.1000
000144,2020-09-30,0.2357,0.0000
000144,2020-12-31,0.3260,0.0000
000144,2021-03-31,0.4011,0.0000
000144,2021-06-30,0.3909,0.0000
000144,2021-09-30,0.2477,0.1000
000144,2021-12-31,0.0683,0.0000
000144,2022-03-31,0.3986,0.0000
000144,2022-06-30,0.3892,0.0000
000144,2022-09-30,0.2194,0.0000
000144,2023-01-02,0.3099,0.1000
000144,2023-03-31,0.4883,0.0000
000144,2023-06-30,0.0817,0.0000
000144,2023-10-02,0.1110,0.0000
000144,2024-01-01,0.4261,0.1000
000144,2024-04-01,0.0957,0.0000
000144,2024-07-01,0.4489,0.0000
000144,2024-09-30,0.4132,0.2000
000144,2024-12-31,0.2731,0.0000
000145,2020-03-31,0.3700,0.0000
000145,2020-06-30,0.3634,0.0000
000145,2020-09-30,0.2933,0.1000
000145,2020-12-31,0.3156,0.0000
000145,2021-03-31,0.3946,0.1000
000145,2021-06-30,0.3553,0.0000
000145,2021-09-30,0.0724,0.0000
000145,2021-12-31,0.4796,0.1000
000145,2022-03-31,0.2660,0.0000
000145,2022-06-30,0.1064,0.1000
000145,2022-09-30,0.1166,0.1000
000145,2023-01-02,0.2599,0.0000
000145,2023-03-31,0.2154,0.0000
000145,2023-06-30,0.0888,0.0000
000145,2023-10-02,0.4802,0.0000
000145,2024-01-01,0.1530,0.0000
000145,2024-04-01,0.0948,0.0000
000145,2024-07-01,0.4316,0.1000
000145,2024-09-30,0.2051,0.1000
000145,2024-12-31,0.4458,0.1000
000149,2020-03-31,0.2222,0.0000
000149,2020-06-30,0.3501,0.0000
000149,2020-09-30,0.3791,0.0000
000149,2020-12-31,0.1302,0.1000
000149,2021-03-31,0.4009,0.0000
000149,2021-06-30,0.0958,0.1000
000149,2021-09-30,0.1054,0.0000
000149,2021-12-31,0.1335,0.0000
000149,2022-03-31,0.3396,0.0000
000149,2022-06-30,0.2047,0.0000
000149,2022-09-30,0.3065,0.0000
000149,2023-01-02,0.1032,0.1000
000149,2023-03-31,0.2050,0.0000
000149,2023-06-30,0.4674,0.0000
000149,2023-10-02,0.2802,0.1000
000149,2024-01-01,0.1692,0.0000
000149,2024-04-01,0.4513,0.0000
000149,2024-07-01,0.3996,0.0000
000149,2024-09-30,0.4986,0.0000
000149,2024-12-31,0.3846,0.0000
000152,2020-03-31,0.1541,0.2000
000152,2020-06-30,0.1954,0.1000
000152,2020-09-30,0.2834,0.0000
000152,2020-12-31,0.4098,0.1000
000152,2021-03-31,0.2400,0.0000
000152,2021-06-30,0.0603,0.0000
000152,2021-09-30,0.4232,0.0000
000152,2021-12-31,0.2895,0.0000
000152,2022-03-31,0.3073,0.2000
000152,2022-06-30,0.2937,0.2000
000152,2022-09-30,0.4245,0.0000
000152,2023-01-02,0.4827,0.0000
000152,2023-03-31,0.2744,0.0000
000152,2023-06-30,0.1200,0.1000
000152,2023-10-02,0.4165,0.0000
000152,2024-01-01,0.3409,0.0000
000152,2024-04-01,0.1491,0.0000
000152,2024-07-01,0.1007,0.0000
000152,2024-09-30,0.2679,0.1000
000152,2024-12-31,0.4371,0.0000
000162,2020-03-31,0.3252,0.1000
000162,2020-06-30,0.3366,0.0000
000162,2020-09-30,0.4457,0.1000
000162,2020-12-31,0.4901,0.0000
000162,2021-03-31,0.4348,0.0000
000162,2021-06-30,0.2357,0.1000
000162,2021-09-30,0.4582,0.0000
000162,2021-12-31,0.3612,0.1000
000162,2022-03-31,0.3172,0.2000
000162,2022-06-30,0.1372,0.0000
000162,2022-09-30,0.4328,0.0000
000162,2023-01-02,0.4723,0.1000
000162,2023-03-31,0.3091,0.0000
000162,2023-06-30,0.4489,0.0000
000162,2023-10-02,0.0637,0.0000
000162,2024-01-01,0.4738,0.0000
000162,2024-04-01,0.4209,0.0000
000162,2024-07-01,0.3634,0.0000
000162,2024-09-30,0.3682,0.1000
000162,2024-12-31,0.2826,0.0000
000165,2020-03-31,0.0607,0.0000
000165,2020-06-30,0.2164,0.0000
000165,2020-09-30,0.4064,0.0000
000165,2020-12-31,0.3931,0.2000
000165,2021-03-31,0.2319,0.0000
000165,2021-06-30,0.3820,0.0000
000165,2021-09-30,0.2352,0.0000
000165,2021-12-31,0.1400,0.0000
000165,2022-03-31,0.3443,0.0000
000165,2022-06-30,0.3252,0.0000
000165,2022-09-30,0.4974,0.0000
000165,2023-01-02,0.3679,0.2000
000165,2023-03-31,0.4685,0.2000
000165,2023-06-30,0.3611,0.1000
000165,2023-10-02,0.0516,0.1000
000165,2024-01-01,0.4729,0.0000
000165,2024-04-01,0.1099,0.0000
000165,2024-07-01,0.2497,0.0000
000165,2024-09-30,0.4406,0.0000
000165,2024-12-31,0.3191,0.0000
000168,2020-03-31,0.4894,0.0000
000168,2020-06-30,0.2310,0.0000
000168,2020-09-30,0.3779,0.0000
000168,2020-12-31,0.3999,0.0000
000168,2021-03-31,0.4209,0.0000
000168,2021-06-30,0.3185,0.0000
000168,2021-09-30,0.4521,0.2000
000168,2021-12-31,0.3653,0.0000
000168,2022-03-31,0.3653,0.2000
000168,2022-06-30,0.1756,0.0000
000168,2022-09-30,0.2309,0.0000
000168,2023-01-02,0.0527,0.0000
000168,2023-03-31,0.4719,0.0000
000168,2023-06-30,0.0927,0.0000
000168,2023-10-02,0.3326,0.0000
000168,2024-01-01,0.1526,0.0000
000168,2024-04-01,0.1094,0.0000
000168,2024-07-01,0.2891,0.0000
000168,2024-09-30,0.1869,0.0000
000168,2024-12-31,0.1327,0.0000
000169,2020-03-31,0.2473,0.1000
000169,2020-06-30,0.1576,0.0000
000169,2020-09-30,0.4109,0.0000
000169,2020-12-31,0.4490,0.0000
000169,2021-03-31,0.1340,0.0000
000169,2021-06-30,0.3524,0.0000
000169,2021-09-30,0.1629,0.1000
000169,2021-12-31,0.2268,0.0000
000169,2022-03-31,0.1485,0.0000
000169,2022-06-30,0.4705,0.0000
000169,2022-09-30,0.2676,0.0000
000169,2023-01-02,0.4685,0.0000
000169,2023-03-31,0.2191,0.0000
000169,2023-06-30,0.2785,0.1000
000169,2023-10-02,0.2785,0.0000
000169,2024-01-01,0.1887,0.1000
000169,2024-04-01,0.1095,0.0000
000169,2024-07-01,0.3942,0.2000
000169,2024-09-30,0.4116,0.0000
000169,2024-12-31,0.2675,0.2000
000171,2020-03-31,0.1472,0.0000
000171,2020-06-30,0.0537,0.0000
000171,2020-09-30,0.4837,0.0000
000171,2020-12-31,0.1058,0.0000
000171,2021-03-31,0.1257,0.0000
000171,2021-06-30,0.4390,0.1000
000171,2021-09-30,0.3992,0.0000
000171,2021-12-31,0.2319,0.0000
000171,2022-03-31,0.3719,0.0000
000171,2022-06-30,0.0687,0.0000
000171,2022-09-30,0.3619,0.1000
000171,2023-01-02,0.4186,0.0000
000171,2023-03-31,0.4397,0.0000
000171,2023-06-30,0.2800,0.0000
000171,2023-10-02,0.3091,0.2000
000171,2024-01-01,0.0528,0.0000
000171,2024-04-01,0.2645,0.1000
000171,2024-07-01,0.2838,0.0000
000171,2024-09-30,0.3860,0.0000
000171,2024-12-31,0.1968,0.2000
000172,2020-03-31,0.4803,0.0000
000172,2020-06-30,0.3418,0.0000
000172,2020-09-30,0.4309,0.0000
000172,2020-12-31,0.4911,0.0000
000172,2021-03-31,0.1337,0.2000
000172,2021-06-30,0.2152,0.2000
000172,2021-09-30,0.4155,0.0000
000172,2021-12-31,0.0853,0.1000
000172,2022-03-31,0.3256,0.0000
000172,2022-06-30,0.1885,0.0000
000172,2022-09-30,0.1256,0.1000
000172,2023-01-02,0.3738,0.1000
000172,2023-03-31,0.3279,0.0000
000172,2023-06-30,0.3733,0.0000
000172,2023-10-02,0.2870,0.0000
000172,2024-01-01,0.4755,0.0000
000172,2024-04-01,0.2034,0.0000
000172,2024-07-01,0.3538,0.0000
000172,2024-09-30,0.0800,0.0000
000172,2024-12-31,0.3868,0.0000
000173,2020-03-31,0.3947,0.2000
000173,2020-06-30,0.2686,0.0000
000173,2020-09-30,0.3572,0.0000
000173,2020-12-31,0.2637,0.1000
000173,2021-03-31,0.3749,0.1000
000173,2021-06-30,0.2227,0.0000
000173,2021-09-30,0.2706,0.0000
000173,2021-12-31,0.4060,0.0000
000173,2022-03-31,0.3787,0.0000
000173,2022-06-30,0.0945,0.0000
000173,2022-09-30,0.4927,0.0000
000173,2023-01-02,0.4818,0.0000
000173,2023-03-31,0.4573,0.0000
000173,2023-06-30,0.3019,0.1000
000173,2023-10-02,0.4334,0.2000
000173,2024-01-01,0.0949,0.0000
000173,2024-04-01,0.3426,0.0000
000173,2024-07-01,0.0535,0.1000
000173,2024-09-30,0.4099,0.0000
000173,2024-12-31,0.4336,0.0000
000175,2020-03-31,0.1907,0.0000
000175,2020-06-30,0.3665,0.0000
000175,2020-09-30,0.3515,0.0000
000175,2020-12-31,0.0776,0.0000
000175,2021-03-31,0.3772,0.0000
000175,2021-06-30,0.2741,0.0000
000175,2021-09-30,0.0843,0.1000
000175,2021-12-31,0.1739,0.0000
000175,2022-03-31,0.0983,0.0000
000175,2022-06-30,0.4289,0.0000
000175,2022-09-30,0.3262,0.2000
000175,2023-01-02,0.2756,0.0000
000175,2023-03-31,0.4392,0.0000
000175,2023-06-30,0.1018,0.0000
000175,2023-10-02,0.4316,0.0000
000175,2024-01-01,0.4167,0.0000
000175,2024-04-01,0.1353,0.0000
000175,2024-07-01,0.0650,0.0000
000175,2024-09-30,0.1321,0.0000
000175,2024-12-31,0.1486,0.2000
000176,2020-03-31,0.2584,0.1000
000176,2020-06-30,0.0601,0.0000
000176,2020-09-30,0.4521,0.0000
000176,2020-12-31,0.1278,0.0000
000176,2021-03-31,0.2427,0.0000
000176,2021-06-30,0.4311,0.0000
000176,2021-09-30,0.1492,0.1000
000176,2021-12-31,0.0821,0.0000
000176,2022-03-31,0.3593,0.0000
000176,2022-06-30,0.0890,0.1000
000176,2022-09-30,0.4571,0.0000
000176,2023-01-02,0.4990,0.0000
000176,2023-03-31,0.4129,0.0000
000176,2023-06-30,0.4117,0.1000
000176,2023-10-02,0.1990,0.0000
000176,2024-01-01,0.2309,0.0000
000176,2024-04-01,0.3203,0.0000
000176,2024-07-01,0.2968,0.1000
000176,2024-09-30,0.1388,0.2000
000176,2024-12-31,0.2729,0.0000
000178,2020-03-31,0.1366,0.0000
000178,2020-06-30,0.1642,0.0000
000178,2020-09-30,0.2580,0.0000
000178,2020-12-31,0.2153,0.0000
000178,2021-03-31,0.1708,0.0000
000178,2021-06-30,0.1622,0.0000
000178,2021-09-30,0.2643,0.0000
000178,2021-12-31,0.3489,0.0000
000178,2022-03-31,0.4543,0.0000
000178,2022-06-30,0.0884,0.1000
000178,2022-09-30,0.2806,0.0000
000178,2023-01-02,0.1706,0.2000
000178,2023-03-31,0.4567,0.1000
000178,2023-06-30,0.0813,0.0000
000178,2023-10-02,0.4533,0.0000
000178,2024-01-01,0.4509,0.1000
000178,2024-04-01,0.1550,0.1000
000178,2024-07-01,0.4832,0.1000
000178,2024-09-30,0.4141,0.0000
000178,2024-12-31,0.2451,0.0000
000180,2020-03-31,0.1450,0.1000
000180,2020-06-30,0.1376,0.0000
000180,2020-09-30,0.2983,0.1000
000180,2020-12-31,0.3049,0.1000
000180,2021-03-31,0.2615,0.0000
000180,2021-06-30,0.3200,0.1000
000180,2021-09-30,0.3938,0.1000
000180,2021-12-31,0.2772,0.0000
000180,2022-03-31,0.3361,0.1000
000180,2022-06-30,0.2713,0.0000
000180,2022-09-30,0.3495,0.2000
000180,2023-01-02,0.1644,0.0000
000180,2023-03-31,0.2593,0.0000
000180,2023-06-30,0.2758,0.1000
000180,2023-10-02,0.1345,0.0000
000180,2024-01-01,0.2864,0.0000
000180,2024-04-01,0.1935,0.0000
000180,2024-07-01,0.1804,0.0000
000180,2024-09-30,0.1608,0.0000
000180,2024-12-31,0.2557,0.0000
000182,2020-03-31,0.1957,0.0000
000182,2020-06-30,0.4399,0.0000
000182,2020-09-30,0.3354,0.0000
000182,2020-12-31,0.3284,0.2000
000182,2021-03-31,0.3231,0.0000
000182,2021-06-30,0.2220,0.2000
000182,2021-09-30,0.2606,0.1000
000182,2021-12-31,0.4304,0.1000
000182,2022-03-31,0.4252,0.1000
000182,2022-06-30,0.2217,0.0000
000182,2022-09-30,0.1194,0.0000
000182,2023-01-02,0.3049,0.1000
000182,2023-03-31,0.1651,0.0000
000182,2023-06-30,0.3529,0.1000
000182,2023-10-02,0.2232,0.0000
000182,2024-01-01,0.2702,0.2000
000182,2024-04-01,0.4731,0.0000
000182,2024-07-01,0.1014,0.2000
000182,2024-09-30,0.1610,0.2000
000182,2024-12-31,0.0736,0.0000
000184,2020-03-31,0.1764,0.1000
000184,2020-06-30,0.0678,0.2000
000184,2020-09-30,0.2669,0.0000
000184,2020-12-31,0.2196,0.0000
000184,2021-03-31,0.0876,0.1000
000184,2021-06-30,0.2882,0.1000
000184,2021-09-30,0.1402,0.0000
000184,2021-12-31,0.3267,0.1000
000184,2022-03-31,0.3237,0.0000
000184,2022-06-30,0.3342,0.0000
000184,2022-09-30,0.3622,0.0000
000184,2023-01-02,0.3617,0.0000
000184,2023-03-31,0.1145,0.1000
000184,2023-06-30,0.3567,0.0000
000184,2023-10-02,0.2742,0.1000
000184,2024-01-01,0.2796,0.0000
000184,2024-04-01,0.1297,0.2000
000184,2024-07-01,0.1949,0.0000
000184,2024-09-30,0.3918,0.0000
000184,2024-12-31,0.2592,0.0000
000185,2020-03-31,0.0573,0.0000
000185,2020-06-30,0.1500,0.1000
000185,2020-09-30,0.1705,0.0000
000185,2020-12-31,0.3243,0.0000
000185,2021-03-31,0.3446,0.0000
000185,2021-06-30,0.2554,0.0000
000185,2021-09-30,0.4507,0.0000
000185,2021-12-31,0.2452,0.0000
000185,2022-03-31,0.4114,0.2000
000185,2022-06-30,0.2679,0.2000
000185,2022-09-30,0.1713,0.1000
000185,2023-01-02,0.3512,0.1000
000185,2023-03-31,0.0518,0.0000
000185,2023-06-30,0.1386,0.1000
000185,2023-10-02,0.2929,0.0000
000185,2024-01-01,0.3596,0.1000
000185,2024-04-01,0.3306,0.0000
000185,2024-07-01,0.4338,0.0000
000185,2024-09-30,0.1399,0.2000
000185,2024-12-31,0.2384,0.1000
000187,2020-03-31,0.2370,0.0000
000187,2020-06-30,0.2055,0.0000
000187,2020-09-30,0.4631,0.0000
000187,2020-12-31,0.2614,0.0000
000187,2021-03-31,0.4829,0.1000
000187,2021-06-30,0.4449,0.0000
000187,2021-09-30,0.3986,0.1000
000187,2021-12-31,0.1184,0.1000
000187,2022-03-31,0.3407,0.0000
000187,2022-06-30,0.3258,0.2000
000187,2022-09-30,0.3076,0.0000
000187,2023-01-02,0.2530,0.0000
000187,2023-03-31,0.1114,0.0000
000187,2023-06-30,0.4336,0.0000
000187,2023-10-02,0.0678,0.2000
000187,2024-01-01,0.3094,0.1000
000187,2024-04-01,0.1082,0.0000
000187,2024-07-01,0.1288,0.1000
000187,2024-09-30,0.1708,0.0000
000187,2024-12-31,0.4810,0.0000
000188,2020-03-31,0.2677,0.0000
000188,2020-06-30,0.1583,0.0000
000188,2020-09-30,0.1061,0.0000
000188,2020-12-31,0.4454,0.0000
000188,2021-03-31,0.2186,0.0000
000188,2021-06-30,0.4730,0.0000
000188,2021-09-30,0.3530,0.0000
000188,2021-12-31,0.3788,0.0000
000188,2022-03-31,0.3830,0.2000
000188,2022-06-30,0.1544,0.0000
000188,2022-09-30,0.2022,0.0000
000188,2023-01-02,0.2188,0.0000
000188,2023-03-31,0.2146,0.1000
000188,2023-06-30,0.0934,0.0000
000188,2023-10-02,0.0973,0.0000
000188,2024-01-01,0.3450,0.1000
000188,2024-04-01,0.0799,0.0000
000188,2024-07-01,0.3683,0.0000
000188,2024-09-30,0.0677,0.0000
000188,2024-12-31,0.4770,0.1000
000195,2020-03-31,0.4099,0.0000
000195,2020-06-30,0.3928,0.1000
000195,2020-09-30,0.4859,0.0000
000195,2020-12-31,0.3016,0.2000
000195,2021-03-31,0.1052,0.1000
000195,2021-06-30,0.4563,0.0000
000195,2021-09-30,0.1187,0.0000
000195,2021-12-31,0.1502,0.0000
000195,2022-03-31,0.4191,0.0000
000195,2022-06-30,0.1131,0.0000
000195,2022-09-30,0.3890,0.1000
000195,2023-01-02,0.4506,0.0000
000195,2023-03-31,0.4543,0.0000
000195,2023-06-30,0.0810,0.1000
000195,2023-10-02,0.2494,0.0000
000195,2024-01-01,0.4930,0.0000
000195,2024-04-01,0.3306,0.0000
000195,2024-07-01,0.1316,0.0000
000195,2024-09-30,0.3640,0.0000
000195,2024-12-31,0.4721,0.2000
000199,2020-03-31,0.4320,0.0000
000199,2020-06-30,0.3313,0.0000
000199,2020-09-30,0.2462,0.0000
000199,2020-12-31,0.3907,0.0000
000199,2021-03-31,0.3154,0.0000
000199,2021-06-30,0.0837,0.0000
000199,2021-09-30,0.4397,0.1000
000199,2021-12-31,0.1907,0.0000
000199,2022-03-31,0.1951,0.1000
000199,2022-06-30,0.4019,0.0000
000199,2022-09-30,0.1164,0.0000
000199,2023-01-02,0.4777,0.0000
000199,2023-03-31,0.4144,0.2000
000199,2023-06-30,0.1683,0.0000
000199,2023-10-02,0.2299,0.0000
000199,2024-01-01,0.1204,0.0000
000199,2024-04-01,0.4326,0.0000
000199,2024-07-01,0.3675,0.0000
000199,2024-09-30,0.0875,0.1000
000199,2024-12-31,0.3792,0.0000
